{
	"info": {
		"_postman_id": "7fe21d54-f6c3-45b3-ad27-9b4254af423f",
		"name": "flask-upload",
		"schema": "https://schema.getpostman.com/json/collection/v2.1.0/collection.json",
		"_exporter_id": "34005341",
		"_collection_link": "https://warped-comet-915880.postman.co/workspace/Team-Workspace~021e59ad-6229-436e-8a1a-b8db03fab185/collection/34005341-7fe21d54-f6c3-45b3-ad27-9b4254af423f?action=share&source=collection_link&creator=34005341"
	},
	"item": [
		{
			"name": "register",
			"request": {
				"method": "POST",
				"header": [],
				"body": {
					"mode": "formdata",
					"formdata": [
						{
							"key": "username",
							"value": "vicky",
							"type": "text"
						},
						{
							"key": "password",
							"value": "kumar",
							"type": "text"
						}
					]
				},
				"url": {
					"raw": "http://127.0.0.1:5000/api/user/register",
					"protocol": "http",
					"host": [
						"127",
						"0",
						"0",
						"1"
					],
					"port": "5000",
					"path": [
						"api",
						"user",
						"register"
					]
				}
			},
			"response": []
		},
		{
			"name": "login",
			"request": {
				"method": "POST",
				"header": [],
				"body": {
					"mode": "formdata",
					"formdata": [
						{
							"key": "username",
							"value": "vicky",
							"type": "text"
						},
						{
							"key": "password",
							"value": "kumar",
							"type": "text"
						}
					]
				},
				"url": {
					"raw": "http://127.0.0.1:5000/api/user/login",
					"protocol": "http",
					"host": [
						"127",
						"0",
						"0",
						"1"
					],
					"port": "5000",
					"path": [
						"api",
						"user",
						"login"
					]
				}
			},
			"response": []
		},
		{
			"name": "upload",
			"request": {
				"auth": {
					"type": "bearer",
					"bearer": [
						{
							"key": "token",
							"value": "eyJhbGciOiJIUzI1NiIsInR5cCI6IkpXVCJ9.eyJ1c2VybmFtZSI6InZpY2t5IiwiZXhwIjoxNzIyMzMwMjcyfQ.5TVoCFNkYy0DTAc6lmFEVEJCCszlojIwW13J4qA-Fu0",
							"type": "string"
						}
					]
				},
				"method": "POST",
				"header": [],
				"body": {
					"mode": "formdata",
					"formdata": [
						{
							"key": "file",
							"type": "file",
							"src": "/home/newbol7/PycharmProjects/autoscreenshot/screenshots/newbol7_29072024_142941.png"
						}
					]
				},
				"url": {
					"raw": "http://127.0.0.1:5000/api/user/upload_screenshot",
					"protocol": "http",
					"host": [
						"127",
						"0",
						"0",
						"1"
					],
					"port": "5000",
					"path": [
						"api",
						"user",
						"upload_screenshot"
					]
				}
			},
			"response": []
		},
		{
			"name": "Post Chat Message",
			"request": {
				"method": "POST",
				"header": [
					{
						"key": "Content-Type",
						"value": "application/json",
						"type": "text"
					}
				],
				"body": {
					"mode": "raw",
					"raw": "{\n    \"message\": \"Hello, this is a test message!\"\n}",
					"options": {
						"raw": {
							"language": "json"
						}
					}
				},
				"url": {
					"raw": "http://127.0.0.1:8000/api/single-chat-add/",
					"protocol": "http",
					"host": [
						"127",
						"0",
						"0",
						"1"
					],
					"port": "8000",
					"path": [
						"api",
						"single-chat-add",
						""
					]
				}
			},
			"response": []
		},
		{
			"name": "Get Chat Message",
			"request": {
				"method": "GET",
				"header": [],
				"url": {
					"raw": "http://127.0.0.1:8000/api/messages/",
					"protocol": "http",
					"host": [
						"127",
						"0",
						"0",
						"1"
					],
					"port": "8000",
					"path": [
						"api",
						"messages",
						""
					]
				}
			},
			"response": []
		}
	]
}